<sect2 id="eikonal_raylength"><title>eikonal_raylength</title>
<para><programlisting><![CDATA[]]></programlisting></para>
</sect2>

<sect2 id="fast_demo"><title>fast_demo</title>
<para><programlisting><![CDATA[]]></programlisting></para>
</sect2>

<sect2 id="fast_fd_2d"><title>fast_fd_2d</title>
<para><programlisting><![CDATA[]]></programlisting></para>
</sect2>

<sect2 id="fast_fd_2d_chunk"><title>fast_fd_2d_chunk</title>
<para><programlisting><![CDATA[]]></programlisting></para>
</sect2>

<sect2 id="fast_fd_2d_traveltime"><title>fast_fd_2d_traveltime</title>
<para><programlisting><![CDATA[]]></programlisting></para>
</sect2>

<sect2 id="fast_fd_2d_traveltime_matrix"><title>fast_fd_2d_traveltime_matrix</title>
<para><programlisting><![CDATA[]]></programlisting></para>
</sect2>

<sect2 id="fast_fd_clean"><title>fast_fd_clean</title>
<para><programlisting><![CDATA[]]></programlisting></para>
</sect2>

<sect2 id="fast_fd_write_par"><title>fast_fd_write_par</title>
<para><programlisting><![CDATA[]]></programlisting></para>
</sect2>

<sect2 id="test_fast_fd"><title>test_fast_fd</title>
<para><programlisting><![CDATA[]]></programlisting></para>
</sect2>

