<sect2 id="LowPass1"><title>LowPass1</title>
<para><programlisting><![CDATA[]]></programlisting></para>
</sect2>

<sect2 id="LowPass1nan"><title>LowPass1nan</title>
<para><programlisting><![CDATA[]]></programlisting></para>
</sect2>

<sect2 id="LowPass2"><title>LowPass2</title>
<para><programlisting><![CDATA[]]></programlisting></para>
</sect2>

<sect2 id="LowPass2nan"><title>LowPass2nan</title>
<para><programlisting><![CDATA[]]></programlisting></para>
</sect2>

<sect2 id="accept_rate"><title>accept_rate</title>
<para><programlisting><![CDATA[]]></programlisting></para>
</sect2>

<sect2 id="caxis_squeeze"><title>caxis_squeeze</title>
<para><programlisting><![CDATA[]]></programlisting></para>
</sect2>

<sect2 id="cmap_quantile"><title>cmap_quantile</title>
<para><programlisting><![CDATA[]]></programlisting></para>
</sect2>

<sect2 id="cmap_rwb"><title>cmap_rwb</title>
<para><programlisting><![CDATA[]]></programlisting></para>
</sect2>

<sect2 id="conv2_strip"><title>conv2_strip</title>
<para><programlisting><![CDATA[]]></programlisting></para>
</sect2>

<sect2 id="conv_strip"><title>conv_strip</title>
<para><programlisting><![CDATA[]]></programlisting></para>
</sect2>

<sect2 id="despike"><title>despike</title>
<para><programlisting><![CDATA[]]></programlisting></para>
</sect2>

<sect2 id="figure_focus"><title>figure_focus</title>
<para><programlisting><![CDATA[]]></programlisting></para>
</sect2>

<sect2 id="find_row_array"><title>find_row_array</title>
<para><programlisting><![CDATA[]]></programlisting></para>
</sect2>

<sect2 id="gamma_coefficients"><title>gamma_coefficients</title>
<para><programlisting><![CDATA[]]></programlisting></para>
</sect2>

<sect2 id="gaussian_likelihood"><title>gaussian_likelihood</title>
<para><programlisting><![CDATA[]]></programlisting></para>
</sect2>

<sect2 id="generalized_gaussian"><title>generalized_gaussian</title>
<para><programlisting><![CDATA[]]></programlisting></para>
</sect2>

<sect2 id="generalized_gaussian_2d"><title>generalized_gaussian_2d</title>
<para><programlisting><![CDATA[]]></programlisting></para>
</sect2>

<sect2 id="isoctave"><title>isoctave</title>
<para><programlisting><![CDATA[]]></programlisting></para>
</sect2>

<sect2 id="jura"><title>jura</title>
<para><programlisting><![CDATA[]]></programlisting></para>
</sect2>

<sect2 id="kernel_buursink_2d"><title>kernel_buursink_2d</title>
<para><programlisting><![CDATA[]]></programlisting></para>
</sect2>

<sect2 id="kernel_finite_2d"><title>kernel_finite_2d</title>
<para><programlisting><![CDATA[]]></programlisting></para>
</sect2>

<sect2 id="kernel_fresnel_2d"><title>kernel_fresnel_2d</title>
<para><programlisting><![CDATA[]]></programlisting></para>
</sect2>

<sect2 id="kernel_fresnel_monochrome_2d"><title>kernel_fresnel_monochrome_2d</title>
<para><programlisting><![CDATA[]]></programlisting></para>
</sect2>

<sect2 id="kernel_multiple"><title>kernel_multiple</title>
<para><programlisting><![CDATA[]]></programlisting></para>
</sect2>

<sect2 id="kernel_slowness_to_velocity"><title>kernel_slowness_to_velocity</title>
<para><programlisting><![CDATA[]]></programlisting></para>
</sect2>

<sect2 id="kml_line"><title>kml_line</title>
<para><programlisting><![CDATA[]]></programlisting></para>
</sect2>

<sect2 id="kml_points"><title>kml_points</title>
<para><programlisting><![CDATA[]]></programlisting></para>
</sect2>

<sect2 id="mspectrum"><title>mspectrum</title>
<para><programlisting><![CDATA[]]></programlisting></para>
</sect2>

<sect2 id="munk_fresnel_2d"><title>munk_fresnel_2d</title>
<para><programlisting><![CDATA[]]></programlisting></para>
</sect2>

<sect2 id="munk_fresnel_3d"><title>munk_fresnel_3d</title>
<para><programlisting><![CDATA[]]></programlisting></para>
</sect2>

<sect2 id="pick_first_arrival"><title>pick_first_arrival</title>
<para><programlisting><![CDATA[]]></programlisting></para>
</sect2>

<sect2 id="plot_mh_error_hist"><title>plot_mh_error_hist</title>
<para><programlisting><![CDATA[]]></programlisting></para>
</sect2>

<sect2 id="plot_mh_loglikelihood"><title>plot_mh_loglikelihood</title>
<para><programlisting><![CDATA[]]></programlisting></para>
</sect2>

<sect2 id="punch"><title>punch</title>
<para><programlisting><![CDATA[]]></programlisting></para>
</sect2>

<sect2 id="rayinv_grid_v"><title>rayinv_grid_v</title>
<para><programlisting><![CDATA[]]></programlisting></para>
</sect2>

<sect2 id="rayinv_load_tx"><title>rayinv_load_tx</title>
<para><programlisting><![CDATA[]]></programlisting></para>
</sect2>

<sect2 id="rayinv_load_v"><title>rayinv_load_v</title>
<para><programlisting><![CDATA[]]></programlisting></para>
</sect2>

<sect2 id="rayinv_plot_tx"><title>rayinv_plot_tx</title>
<para><programlisting><![CDATA[]]></programlisting></para>
</sect2>

<sect2 id="rickerwavelet"><title>rickerwavelet</title>
<para><programlisting><![CDATA[]]></programlisting></para>
</sect2>

<sect2 id="sample_generalized_gaussian"><title>sample_generalized_gaussian</title>
<para><programlisting><![CDATA[]]></programlisting></para>
</sect2>

<sect2 id="set_paper"><title>set_paper</title>
<para><programlisting><![CDATA[]]></programlisting></para>
</sect2>

<sect2 id="set_resim_data"><title>set_resim_data</title>
<para><programlisting><![CDATA[]]></programlisting></para>
</sect2>

<sect2 id="statusbar"><title>statusbar</title>
<para><programlisting><![CDATA[]]></programlisting></para>
</sect2>

<sect2 id="su_write_model"><title>su_write_model</title>
<para><programlisting><![CDATA[]]></programlisting></para>
</sect2>

<sect2 id="test_fd_su_gpr"><title>test_fd_su_gpr</title>
<para><programlisting><![CDATA[]]></programlisting></para>
</sect2>

