<sect2 id="G_to_visim"><title>G_to_visim</title>
<para><programlisting><![CDATA[]]></programlisting></para>
</sect2>

<sect2 id="calc_gstat_semivar"><title>calc_gstat_semivar</title>
<para><programlisting><![CDATA[]]></programlisting></para>
</sect2>

<sect2 id="covar_prob"><title>covar_prob</title>
<para><programlisting><![CDATA[]]></programlisting></para>
</sect2>

<sect2 id="read_visim"><title>read_visim</title>
<para><programlisting><![CDATA[]]></programlisting></para>
</sect2>

<sect2 id="semivar_mat"><title>semivar_mat</title>
<para><programlisting><![CDATA[]]></programlisting></para>
</sect2>

<sect2 id="visim"><title>visim</title>
<para><programlisting><![CDATA[]]></programlisting></para>
</sect2>

<sect2 id="visim_calc_semivar_prob"><title>visim_calc_semivar_prob</title>
<para><programlisting><![CDATA[]]></programlisting></para>
</sect2>

<sect2 id="visim_cholesky"><title>visim_cholesky</title>
<para><programlisting><![CDATA[]]></programlisting></para>
</sect2>

<sect2 id="visim_clean"><title>visim_clean</title>
<para><programlisting><![CDATA[]]></programlisting></para>
</sect2>

<sect2 id="visim_error_sim"><title>visim_error_sim</title>
<para><programlisting><![CDATA[]]></programlisting></para>
</sect2>

<sect2 id="visim_format_variogram"><title>visim_format_variogram</title>
<para><programlisting><![CDATA[]]></programlisting></para>
</sect2>

<sect2 id="visim_init"><title>visim_init</title>
<para><programlisting><![CDATA[]]></programlisting></para>
</sect2>

<sect2 id="visim_lsq"><title>visim_lsq</title>
<para><programlisting><![CDATA[]]></programlisting></para>
</sect2>

<sect2 id="visim_make_movie"><title>visim_make_movie</title>
<para><programlisting><![CDATA[]]></programlisting></para>
</sect2>

<sect2 id="visim_mask"><title>visim_mask</title>
<para><programlisting><![CDATA[]]></programlisting></para>
</sect2>

<sect2 id="visim_merge_volume_data"><title>visim_merge_volume_data</title>
<para><programlisting><![CDATA[]]></programlisting></para>
</sect2>

<sect2 id="visim_movie"><title>visim_movie</title>
<para><programlisting><![CDATA[]]></programlisting></para>
</sect2>

<sect2 id="visim_plot"><title>visim_plot</title>
<para><programlisting><![CDATA[]]></programlisting></para>
</sect2>

<sect2 id="visim_plot_condtab"><title>visim_plot_condtab</title>
<para><programlisting><![CDATA[]]></programlisting></para>
</sect2>

<sect2 id="visim_plot_etype"><title>visim_plot_etype</title>
<para><programlisting><![CDATA[]]></programlisting></para>
</sect2>

<sect2 id="visim_plot_hist"><title>visim_plot_hist</title>
<para><programlisting><![CDATA[]]></programlisting></para>
</sect2>

<sect2 id="visim_plot_kernel"><title>visim_plot_kernel</title>
<para><programlisting><![CDATA[]]></programlisting></para>
</sect2>

<sect2 id="visim_plot_kernel2"><title>visim_plot_kernel2</title>
<para><programlisting><![CDATA[]]></programlisting></para>
</sect2>

<sect2 id="visim_plot_rpath"><title>visim_plot_rpath</title>
<para><programlisting><![CDATA[]]></programlisting></para>
</sect2>

<sect2 id="visim_plot_semivar"><title>visim_plot_semivar</title>
<para><programlisting><![CDATA[]]></programlisting></para>
</sect2>

<sect2 id="visim_plot_semivar2"><title>visim_plot_semivar2</title>
<para><programlisting><![CDATA[]]></programlisting></para>
</sect2>

<sect2 id="visim_plot_semivar_compare"><title>visim_plot_semivar_compare</title>
<para><programlisting><![CDATA[]]></programlisting></para>
</sect2>

<sect2 id="visim_plot_semivar_mul"><title>visim_plot_semivar_mul</title>
<para><programlisting><![CDATA[]]></programlisting></para>
</sect2>

<sect2 id="visim_plot_semivar_real"><title>visim_plot_semivar_real</title>
<para><programlisting><![CDATA[]]></programlisting></para>
</sect2>

<sect2 id="visim_plot_sim"><title>visim_plot_sim</title>
<para><programlisting><![CDATA[]]></programlisting></para>
</sect2>

<sect2 id="visim_plot_stat"><title>visim_plot_stat</title>
<para><programlisting><![CDATA[]]></programlisting></para>
</sect2>

<sect2 id="visim_plot_volfit"><title>visim_plot_volfit</title>
<para><programlisting><![CDATA[]]></programlisting></para>
</sect2>

<sect2 id="visim_plot_volume"><title>visim_plot_volume</title>
<para><programlisting><![CDATA[]]></programlisting></para>
</sect2>

<sect2 id="visim_precal_linearization"><title>visim_precal_linearization</title>
<para><programlisting><![CDATA[]]></programlisting></para>
</sect2>

<sect2 id="visim_prior_prob"><title>visim_prior_prob</title>
<para><programlisting><![CDATA[]]></programlisting></para>
</sect2>

<sect2 id="visim_prior_prob_gibbs"><title>visim_prior_prob_gibbs</title>
<para><programlisting><![CDATA[]]></programlisting></para>
</sect2>

<sect2 id="visim_prior_prob_mcmc"><title>visim_prior_prob_mcmc</title>
<para><programlisting><![CDATA[]]></programlisting></para>
</sect2>

<sect2 id="visim_prior_prob_mcmc_tomolin"><title>visim_prior_prob_mcmc_tomolin</title>
<para><programlisting><![CDATA[]]></programlisting></para>
</sect2>

<sect2 id="visim_prior_prob_sill"><title>visim_prior_prob_sill</title>
<para><programlisting><![CDATA[]]></programlisting></para>
</sect2>

<sect2 id="visim_semivar"><title>visim_semivar</title>
<para><programlisting><![CDATA[]]></programlisting></para>
</sect2>

<sect2 id="visim_semivar_pdf"><title>visim_semivar_pdf</title>
<para><programlisting><![CDATA[]]></programlisting></para>
</sect2>

<sect2 id="visim_semivar_uncon"><title>visim_semivar_uncon</title>
<para><programlisting><![CDATA[]]></programlisting></para>
</sect2>

<sect2 id="visim_set_broadband_covariance"><title>visim_set_broadband_covariance</title>
<para><programlisting><![CDATA[]]></programlisting></para>
</sect2>

<sect2 id="visim_set_conditional_point"><title>visim_set_conditional_point</title>
<para><programlisting><![CDATA[]]></programlisting></para>
</sect2>

<sect2 id="visim_set_multiscale_covariance"><title>visim_set_multiscale_covariance</title>
<para><programlisting><![CDATA[]]></programlisting></para>
</sect2>

<sect2 id="visim_set_resim_data"><title>visim_set_resim_data</title>
<para><programlisting><![CDATA[]]></programlisting></para>
</sect2>

<sect2 id="visim_setup_punch"><title>visim_setup_punch</title>
<para><programlisting><![CDATA[]]></programlisting></para>
</sect2>

<sect2 id="visim_setup_tomo_kernel"><title>visim_setup_tomo_kernel</title>
<para><programlisting><![CDATA[]]></programlisting></para>
</sect2>

<sect2 id="visim_slice_volume"><title>visim_slice_volume</title>
<para><programlisting><![CDATA[]]></programlisting></para>
</sect2>

<sect2 id="visim_to_G"><title>visim_to_G</title>
<para><programlisting><![CDATA[]]></programlisting></para>
</sect2>

<sect2 id="visim_tomo_setup"><title>visim_tomo_setup</title>
<para><programlisting><![CDATA[]]></programlisting></para>
</sect2>

<sect2 id="visim_tomography"><title>visim_tomography</title>
<para><programlisting><![CDATA[]]></programlisting></para>
</sect2>

<sect2 id="visim_tomography_forward"><title>visim_tomography_forward</title>
<para><programlisting><![CDATA[]]></programlisting></para>
</sect2>

<sect2 id="visim_tomography_linearize"><title>visim_tomography_linearize</title>
<para><programlisting><![CDATA[]]></programlisting></para>
</sect2>

<sect2 id="vvisim"><title>vvisim</title>
<para><programlisting><![CDATA[]]></programlisting></para>
</sect2>

<sect2 id="write_visim"><title>write_visim</title>
<para><programlisting><![CDATA[]]></programlisting></para>
</sect2>

